{"preprocessers": ["lemmatize", "lowercase", "no_numbers_spacy", "no_punctuation", "no_stopwords_spacy"], "tokeniser": "treebank", "featuriser": "bow_binary", "model": "linear_regression", "finetune": false, "total_time": 134.9037971496582, "preprocess_time": 130.16966795921326, "model_time": 4.734129190444946, "rmse": {"train": 392219.45709436585, "val": 345657099.49746203, "test": 228206926.72114316}, "mae": {"train": 133018.66756756758, "val": 122884675.88378379, "test": 115985029.71891892}, "r2": {"train": 0.6791719501284625, "val": -607321.8227529163, "test": -261621.45131404436}, "medae": {"train": 72454.0, "val": 71307014.0, "test": 57445548.0}}