{"preprocessers": ["lemmatize", "lowercase", "no_numbers_spacy", "no_punctuation", "no_stopwords_spacy"], "tokeniser": "treebank", "featuriser": "bow_binary", "model": "linear_regression", "finetune": false, "total_time": 129.72185134887695, "preprocess_time": 125.19865202903748, "model_time": 4.5231993198394775, "rmse": {"train": 183955.07997533155, "val": 187486460.1616801, "test": 248657327.20959285}, "mae": {"train": 59764.87657657658, "val": 94086866.5945946, "test": 102786584.5108108}, "r2": {"train": 0.9315653645354236, "val": -231871.58309855667, "test": -310612.1859460828}, "medae": {"train": 36180.0, "val": 53896896.0, "test": 58561430.0}}