{"preprocessers": ["lemmatize", "lowercase", "no_punctuation", "no_stopwords_nltk"], "tokeniser": "bert", "featuriser": "bert_cls", "model": "linear_regression", "finetune": false, "total_time": 189.7149634361267, "preprocess_time": 189.2848846912384, "model_time": 0.43007874488830566, "rmse": {"train": 426.0270132057626, "val": 347.7827585387058, "test": 410.8663637481142}, "mae": {"train": 197.1450259742173, "val": 202.98810254217312, "test": 206.39264057458564}, "r2": {"train": 0.4247781722537922, "val": 0.3011600959076256, "test": 0.19832982278483613}, "medae": {"train": 135.735, "val": 147.495, "test": 145.06}}