{"preprocessers": ["lemmatize", "lowercase", "no_numbers_spacy", "no_punctuation", "no_stopwords_spacy"], "tokeniser": "stanford", "featuriser": "glove_mean", "model": "linear_regression", "finetune": false, "total_time": 302.3642420768738, "preprocess_time": 302.3473494052887, "model_time": 0.016892671585083008, "rmse": {"train": 644321.1306198951, "val": 422356.5024414935, "test": 460754.29908688524}, "mae": {"train": 270286.66704673425, "val": 272991.9334037162, "test": 286531.01749366557}, "r2": {"train": 0.16042956667060027, "val": -0.1767059537746274, "test": -0.06648845405849979}, "medae": {"train": 170554.5625, "val": 175600.0, "test": 202373.046875}}