{"preprocessers": ["lemmatize", "lowercase", "no_numbers_simple", "no_punctuation", "no_stopwords_spacy"], "tokeniser": "bert", "featuriser": "bert_cls", "model": "linear_regression", "finetune": false, "total_time": 163.6560070514679, "preprocess_time": 163.13389539718628, "model_time": 0.5221116542816162, "rmse": {"train": 409.72260804903124, "val": 434.9184969394158, "test": 411.40359923090466}, "mae": {"train": 190.7474748189073, "val": 204.04616668950277, "test": 197.59430171639045}, "r2": {"train": 0.4142515884585535, "val": 0.27240183099444004, "test": 0.1962319764873628}, "medae": {"train": 133.32, "val": 140.55, "test": 140.41}}