{"preprocessers": ["lemmatize", "lowercase", "no_punctuation", "no_stopwords_nltk"], "tokeniser": "bert", "featuriser": "bert_cls", "model": "linear_regression", "finetune": false, "total_time": 83.61085224151611, "preprocess_time": 83.33193278312683, "model_time": 0.2789194583892822, "rmse": {"train": 323026.88823842234, "val": 1124617.015255947, "test": 1165210.228944411}, "mae": {"train": 235320.1891891892, "val": 873509.6594594595, "test": 841339.9621621622}, "r2": {"train": 0.7889770282095308, "val": -7.342935409053119, "test": -5.820652802313603}, "medae": {"train": 182978.5, "val": 714385.0, "test": 574368.0}}