{"preprocessers": ["lemmatize", "lowercase", "no_numbers_spacy", "no_punctuation", "no_stopwords_nltk"], "tokeniser": "treebank", "featuriser": "bow_binary", "model": "linear_regression", "finetune": false, "total_time": 406.3756618499756, "preprocess_time": 173.8241310119629, "model_time": 232.5515308380127, "rmse": {"train": 190.82048598406027, "val": 738924.0238556024, "test": 800051.215710431}, "mae": {"train": 81.16132141741123, "val": 375353.45176819526, "test": 406531.6296846737}, "r2": {"train": 0.8845985998536248, "val": -3154721.5690075182, "test": -3039694.844530034}, "medae": {"train": 48.78415405273437, "val": 174539.3075, "test": 182647.27125}}