{"preprocessers": ["lemmatize", "lowercase", "no_punctuation", "no_stopwords_nltk"], "tokeniser": "bert", "featuriser": "bert_cls", "model": "linear_regression", "finetune": false, "total_time": 216.13160634040833, "preprocess_time": 215.77474069595337, "model_time": 0.35686564445495605, "rmse": {"train": 399.89712943113216, "val": 434.22316259092486, "test": 412.50097364159785}, "mae": {"train": 188.0161157276857, "val": 214.0701609723757, "test": 203.75597390791896}, "r2": {"train": 0.4392404760646247, "val": 0.2865119448726754, "test": 0.191938329915759}, "medae": {"train": 132.35, "val": 144.22, "test": 145.23}}