{"preprocessers": ["lemmatize", "lowercase", "no_punctuation", "no_stopwords_spacy"], "tokeniser": "bert", "featuriser": "bert_mean", "model": "linear_regression", "finetune": false, "total_time": 89.94115233421326, "preprocess_time": 89.77596402168274, "model_time": 0.16518831253051758, "rmse": {"train": 308485.1231687819, "val": 1255594.033024934, "test": 1077204.6479472667}, "mae": {"train": 221493.4189189189, "val": 838288.7432432432, "test": 799575.0540540541}, "r2": {"train": 0.7685676329674459, "val": -2.9424128475059375, "test": -4.829265056869029}, "medae": {"train": 175144.0, "val": 574996.0, "test": 600936.0}}