{"preprocessers": ["lemmatize", "lowercase", "no_numbers_simple", "no_punctuation", "no_stopwords_spacy"], "tokeniser": "bert", "featuriser": "bert_cls", "model": "linear_regression", "finetune": false, "total_time": 138.48888087272644, "preprocess_time": 137.93627429008484, "model_time": 0.5526065826416016, "rmse": {"train": 409.3806801810144, "val": 436.0477784062494, "test": 411.3031464569629}, "mae": {"train": 189.05733119729896, "val": 209.00432671823205, "test": 196.7853753812155}, "r2": {"train": 0.4123283077771598, "val": 0.2805031600536195, "test": 0.1966244420392037}, "medae": {"train": 132.0675, "val": 144.8425, "test": 137.0875}}