{"preprocessers": ["lemmatize", "lowercase", "no_numbers_spacy", "no_punctuation", "no_stopwords_spacy"], "tokeniser": "treebank", "featuriser": "bow_binary", "model": "linear_regression", "finetune": false, "total_time": 126.65226364135742, "preprocess_time": 122.15518593788147, "model_time": 4.497077703475952, "rmse": {"train": 309509.91370622255, "val": 664424606.2143964, "test": 565626702.675225}, "mae": {"train": 135820.76126126127, "val": 346961839.3054054, "test": 308998812.1621622}, "r2": {"train": 0.767027437852941, "val": -1103963.302865373, "test": -1607225.829984688}, "medae": {"train": 84513.0, "val": 167514330.0, "test": 167026008.0}}