{"preprocessers": ["lemmatize", "lowercase", "no_punctuation", "no_stopwords_nltk"], "tokeniser": "whitespace", "featuriser": "tf_idf", "model": "linear_regression", "finetune": false, "total_time": 42.5062096118927, "preprocess_time": 38.074270248413086, "model_time": 4.431939363479614, "rmse": {"train": 69663.83256401565, "val": 476982321.52208644, "test": 489394456.10230607}, "mae": {"train": 44008.7018018018, "val": 318947100.4297297, "test": 315549950.2810811}, "r2": {"train": 0.988197598770433, "val": -568941.2437660937, "test": -1203192.4430225778}, "medae": {"train": 30553.0, "val": 227920954.0, "test": 224930536.0}}