{"preprocessers": ["lemmatize", "lowercase", "no_numbers_spacy", "no_punctuation", "no_stopwords_nltk"], "tokeniser": "treebank", "featuriser": "tf_idf", "model": "linear_regression", "finetune": false, "total_time": 338.27974152565, "preprocess_time": 153.6192169189453, "model_time": 184.6605246067047, "rmse": {"train": 339.5983049199481, "val": 2356386.886916835, "test": 2820371.8859119923}, "mae": {"train": 160.79060801402917, "val": 1210735.780755503, "test": 1362368.6268233242}, "r2": {"train": 0.5975959989866433, "val": -21358414.707099676, "test": -37775245.29182281}, "medae": {"train": 87.26260437011719, "val": 565591.0075, "test": 589307.01}}