{"preprocessers": ["lemmatize", "lowercase", "no_numbers_simple", "no_punctuation", "no_stopwords_spacy"], "tokeniser": "bert", "featuriser": "bert_mean", "model": "linear_regression", "finetune": false, "total_time": 201.29554629325867, "preprocess_time": 200.99612164497375, "model_time": 0.2994246482849121, "rmse": {"train": 409.42437170096844, "val": 437.3081054062604, "test": 413.6288901870317}, "mae": {"train": 190.35409483118477, "val": 209.90131217753222, "test": 202.95984867771634}, "r2": {"train": 0.41510400853452223, "val": 0.26438446116902015, "test": 0.18751326302532056}, "medae": {"train": 129.71, "val": 148.825, "test": 142.215}}