{"preprocessers": ["lemmatize", "no_numbers_spacy", "no_stopwords_spacy"], "tokeniser": "bert", "featuriser": "bert_mean", "model": "linear_regression", "finetune": false, "total_time": 131.0378119945526, "preprocess_time": 130.75625205039978, "model_time": 0.28155994415283203, "rmse": {"train": 322888.64368991874, "val": 1155542.709465428, "test": 1189789.8601983576}, "mae": {"train": 234570.11891891892, "val": 824120.972972973, "test": 885495.0}, "r2": {"train": 0.7894461769778569, "val": -7.9624577995334125, "test": -6.111445607535902}, "medae": {"train": 187540.0, "val": 590530.0, "test": 679196.0}}