{"preprocessers": ["lemmatize", "lowercase", "no_punctuation", "no_stopwords_spacy"], "tokeniser": "treebank", "featuriser": "bow_count", "model": "linear_regression", "finetune": false, "total_time": 88.69050860404968, "preprocess_time": 83.84502243995667, "model_time": 4.845486164093018, "rmse": {"train": 27659.037415785984, "val": 17684377.60133767, "test": 17073559.74978186}, "mae": {"train": 8076.306981981982, "val": 10362781.130067568, "test": 9247480.558108108}, "r2": {"train": 0.998139499585209, "val": -781.0655833767771, "test": -1463.419567671901}, "medae": {"train": 5273.75, "val": 6074421.5, "test": 4660440.0}}