{"preprocessers": ["lemmatize", "lowercase", "no_punctuation", "no_stopwords_nltk"], "tokeniser": "bert", "featuriser": "bert_cls", "model": "linear_regression", "finetune": false, "total_time": 74.26164150238037, "preprocess_time": 74.08790516853333, "model_time": 0.1737363338470459, "rmse": {"train": 309842.1218994463, "val": 1131410.080612235, "test": 1177081.7637003788}, "mae": {"train": 224716.98198198198, "val": 837398.6162162162, "test": 854993.9891891892}, "r2": {"train": 0.8061175468048404, "val": -7.592018586198478, "test": -5.960342786410078}, "medae": {"train": 174446.0, "val": 619652.5, "test": 620799.5}}