{"preprocessers": ["lemmatize", "lowercase", "no_punctuation", "no_stopwords_nltk"], "tokeniser": "stanford", "featuriser": "bow_count", "model": "linear_regression", "finetune": false, "total_time": 143.5574085712433, "preprocess_time": 138.74126768112183, "model_time": 4.81614089012146, "rmse": {"train": 30360.152391851745, "val": 42136208.12660559, "test": 65516945.80923318}, "mae": {"train": 20852.544932432433, "val": 21438504.570945945, "test": 21315612.227702703}, "r2": {"train": 0.9977583720043062, "val": -4438.913572065602, "test": -21562.76813720362}, "medae": {"train": 15176.75, "val": 9426950.5, "test": 9045453.5}}