{"preprocessers": ["lemmatize", "lowercase", "no_numbers_spacy", "no_punctuation", "no_stopwords_spacy"], "tokeniser": "treebank", "featuriser": "bow_binary", "model": "linear_regression", "finetune": false, "total_time": 129.6972141265869, "preprocess_time": 125.0318124294281, "model_time": 4.6654016971588135, "rmse": {"train": 56214.95290219851, "val": 147082284.6850251, "test": 125758182.89246507}, "mae": {"train": 29440.554954954954, "val": 83391627.32432432, "test": 71271059.94054054}, "r2": {"train": 0.9936179339851055, "val": -145202.08872267732, "test": -79448.26300311749}, "medae": {"train": 19641.0, "val": 36466836.0, "test": 40322805.0}}